Filename,Classification
0b397a15597e563b762d7c2de86c9b28-cc_ft_576.webp,unstaged
117f16c129f8e9d27bbf937967e41d60-cc_ft_576.webp,unstaged
16429905bad62ade659e43b3aea7007c-cc_ft_576.webp,unstaged
186a39217d6ed99a67772b15cfbae4fe-cc_ft_576.webp,unstaged
19e4d85a03d65e49364957e40f4e19b7-cc_ft_1152.webp,unstaged
1a3f6be7445103ef46ad51f914b41acc-cc_ft_576.webp,unstaged
1cde663f1a3a4117afb98695509825b3-cc_ft_1152.webp,unstaged
2586f44e222f342620df74f812e99b8b-cc_ft_1152.webp,unstaged
297f11247db7b7cf3ffb53cca9eb0fa3-cc_ft_576 (1).webp,unstaged
297f11247db7b7cf3ffb53cca9eb0fa3-cc_ft_576.webp,unstaged
2fa0add2513fcf999351e5f15f929565-cc_ft_576.webp,unstaged
3c165ccd2c1d4d07a68ac98bae7f6d39-cc_ft_576.webp,unstaged
3eb76ef912c14ab7b2cfdbd38722ac63-cc_ft_576 (1).webp,unstaged
3eb76ef912c14ab7b2cfdbd38722ac63-cc_ft_576.webp,unstaged
51d54ca1b22e8a01bed0e225bb298994-cc_ft_1152.webp,unstaged
5509a2fc44fcdc243222f470932f3a5c-cc_ft_576.webp,indeterminate
5766a02fee727646190272e9ec3126ac-cc_ft_1152.webp,unstaged
611edd8d0c294fc2a3f748159aa98a75-cc_ft_576.webp,unstaged
777422b8750f9d017963ffd680d19be6-cc_ft_576.webp,unstaged
7b02558c601e320869cf990e3ae425cc-cc_ft_576.webp,unstaged
820cffcb5384998ad22e6afd58a22e17-cc_ft_576.webp,unstaged
82cd690d8444a7e288e2e048558687a4-cc_ft_1152.webp,unstaged
864b920644e5c3807a841af20b9bf227-cc_ft_1152.webp,unstaged
96b88c6da468380b7155ce6935de8058-cc_ft_576.webp,indeterminate
98fb8f77939e77eb698b9e9418d128f3-cc_ft_576.webp,unstaged
a179c033fe0366a89bf0463decfd8391-cc_ft_576.webp,unstaged
a25818691853f6b0ff745926f22cd263-cc_ft_576.webp,unstaged
ae0d76aabedfacf4632b70e84dd653f0-cc_ft_1152 (1).webp,indeterminate
ae0d76aabedfacf4632b70e84dd653f0-cc_ft_1152.webp,unstaged
c8e7aba95b9f793671f4b022cbcbb247-cc_ft_1152.webp,unstaged
ca13c927b71d3625b7ff4ac35c5f9ccc-cc_ft_1152.webp,unstaged
ca2c5107ab15e0b7fd961be87a380df4-cc_ft_1152.webp,unstaged
